-- --------------------------------------------------------
-- Servidor:                     127.0.0.1
-- Versão do servidor:           5.7.9 - MySQL Community Server (GPL)
-- OS do Servidor:               Win64
-- HeidiSQL Versão:              9.3.0.5037
-- --------------------------------------------------------

/*!40101 SET @OLD_CHARACTER_SET_CLIENT=@@CHARACTER_SET_CLIENT */;
/*!40101 SET NAMES utf8 */;
/*!50503 SET NAMES utf8mb4 */;
/*!40014 SET @OLD_FOREIGN_KEY_CHECKS=@@FOREIGN_KEY_CHECKS, FOREIGN_KEY_CHECKS=0 */;
/*!40101 SET @OLD_SQL_MODE=@@SQL_MODE, SQL_MODE='NO_AUTO_VALUE_ON_ZERO' */;

-- Copiando estrutura para tabela brasileirao.classificacao
CREATE TABLE IF NOT EXISTS `classificacao` (
  `classificacao_id` int(11) NOT NULL AUTO_INCREMENT,
  `classificacao_jogos` int(11) DEFAULT NULL,
  `classificacao_pontos` int(11) DEFAULT NULL,
  `classificacao_vitorias` int(11) DEFAULT NULL,
  `classificacao_empates` int(11) DEFAULT NULL,
  `classificacao_derrotas` int(11) DEFAULT NULL,
  `classificacao_golspro` int(11) DEFAULT NULL,
  `classificacao_golscontra` int(11) DEFAULT NULL,
  `time_id` int(11) NOT NULL,
  PRIMARY KEY (`classificacao_id`),
  KEY `fk_classificacao_time1_idx` (`time_id`),
  CONSTRAINT `fk_classificacao_time1` FOREIGN KEY (`time_id`) REFERENCES `time` (`time_id`) ON DELETE NO ACTION ON UPDATE NO ACTION
) ENGINE=InnoDB AUTO_INCREMENT=41 DEFAULT CHARSET=latin1;

-- Copiando dados para a tabela brasileirao.classificacao: ~42 rows (aproximadamente)
/*!40000 ALTER TABLE `classificacao` DISABLE KEYS */;
INSERT INTO `classificacao` (`classificacao_id`, `classificacao_jogos`, `classificacao_pontos`, `classificacao_vitorias`, `classificacao_empates`, `classificacao_derrotas`, `classificacao_golspro`, `classificacao_golscontra`, `time_id`) VALUES
	(1, 12, 11, 3, 2, 0, 14, 18, 19),
	(2, 12, 16, 4, 4, 0, 15, 18, 20),
	(3, 12, 12, 3, 3, 0, 14, 20, 7),
	(4, 12, 18, 5, 3, 0, 12, 12, 8),
	(5, 12, 22, 7, 1, 0, 18, 10, 9),
	(6, 12, 21, 6, 3, 0, 20, 14, 10),
	(7, 12, 14, 3, 5, 0, 10, 14, 15),
	(8, 12, 17, 5, 2, 0, 14, 19, 16),
	(9, 12, 8, 2, 2, 0, 9, 20, 3),
	(10, 12, 16, 4, 4, 0, 13, 15, 17),
	(11, 12, 20, 6, 2, 0, 15, 11, 4),
	(12, 12, 18, 4, 6, 0, 20, 20, 13),
	(13, 12, 20, 6, 2, 0, 13, 11, 5),
	(14, 12, 12, 3, 3, 0, 17, 19, 6),
	(15, 12, 25, 8, 1, 0, 26, 12, 11),
	(16, 12, 17, 5, 2, 0, 12, 14, 12),
	(17, 12, 19, 5, 4, 0, 21, 19, 2),
	(18, 12, 19, 6, 1, 0, 20, 12, 18),
	(19, 12, 13, 3, 4, 0, 15, 18, 14),
	(20, 12, 14, 4, 2, 0, 16, 18, 1),
	(21, 13, 24, 7, 3, 0, 21, 15, 22),
	(22, 13, 17, 4, 5, 0, 11, 16, 23),
	(23, 13, 9, 2, 3, 0, 9, 22, 26),
	(24, 13, 28, 9, 1, 0, 23, 13, 27),
	(25, 13, 19, 5, 4, 0, 11, 12, 35),
	(26, 13, 20, 5, 5, 0, 13, 14, 36),
	(27, 13, 19, 5, 4, 0, 11, 10, 37),
	(28, 13, 22, 7, 1, 0, 18, 19, 38),
	(29, 13, 21, 6, 3, 0, 18, 13, 39),
	(30, 13, 21, 6, 3, 0, 23, 12, 40),
	(31, 13, 20, 6, 2, 0, 21, 14, 24),
	(32, 13, 15, 4, 3, 0, 15, 15, 25),
	(33, 13, 20, 5, 5, 0, 14, 12, 31),
	(34, 13, 11, 2, 5, 0, 7, 14, 32),
	(35, 13, 14, 4, 2, 0, 17, 19, 29),
	(36, 13, 11, 2, 5, 0, 8, 14, 30),
	(37, 13, 16, 4, 4, 0, 11, 14, 28),
	(38, 13, 25, 7, 4, 0, 13, 8, 21),
	(39, 13, 9, 2, 3, 0, 13, 17, 33),
	(40, 13, 14, 3, 5, 0, 10, 14, 34);
/*!40000 ALTER TABLE `classificacao` ENABLE KEYS */;


-- Copiando estrutura para tabela brasileirao.estado
CREATE TABLE IF NOT EXISTS `estado` (
  `id_estado` int(11) NOT NULL AUTO_INCREMENT,
  `descricao_estado` varchar(100) DEFAULT NULL,
  `sigla_estado` char(2) DEFAULT NULL,
  `regiao_id` int(11) DEFAULT NULL,
  PRIMARY KEY (`id_estado`),
  KEY `fk_estado_regiao` (`regiao_id`),
  CONSTRAINT `fk_estado_regiao` FOREIGN KEY (`regiao_id`) REFERENCES `regiao` (`regiao_id`) ON DELETE NO ACTION ON UPDATE NO ACTION
) ENGINE=InnoDB AUTO_INCREMENT=28 DEFAULT CHARSET=utf8;

-- Copiando dados para a tabela brasileirao.estado: ~27 rows (aproximadamente)
/*!40000 ALTER TABLE `estado` DISABLE KEYS */;
INSERT INTO `estado` (`id_estado`, `descricao_estado`, `sigla_estado`, `regiao_id`) VALUES
	(1, 'Acre', 'AC', 1),
	(2, 'Alagoas', 'AL', 2),
	(3, 'Amapá ', 'AP', 1),
	(4, 'Amazonas ', 'AM', 1),
	(5, 'Bahia', 'BA', 2),
	(6, 'Ceará', 'CE', 2),
	(7, 'Distrito Federal', 'DF', 3),
	(8, 'Espírito Santo', 'ES', 5),
	(9, 'Goiás', 'GO', 3),
	(10, 'Maranhão', 'MA', 2),
	(11, 'Mato Grosso', 'MT', 3),
	(12, 'Mato Grosso do Sul', 'MS', 3),
	(13, 'Minas Gerais', 'MG', 5),
	(14, 'Pará', 'PA', 1),
	(15, 'Paraíba', 'PB', 2),
	(16, 'Paraná', 'PR', 4),
	(17, 'Pernambuco', 'PE', 2),
	(18, 'Piauí', 'PI', 2),
	(19, 'Rio de Janeiro', 'RJ', 5),
	(20, 'Rio Grande do Norte', 'RN', 2),
	(21, 'Rio Grande do Sul', 'RS', 4),
	(22, 'Rondônia', 'RO', 1),
	(23, 'Roraima', 'RR', 1),
	(24, 'Santa Catarina', 'SC', 4),
	(25, 'São Paulo', 'SP', 5),
	(26, 'Sergipe', 'SE', 2),
	(27, 'Tocantins', 'TO', 1);
/*!40000 ALTER TABLE `estado` ENABLE KEYS */;


-- Copiando estrutura para tabela brasileirao.pais
CREATE TABLE IF NOT EXISTS `pais` (
  `pais_id` int(11) NOT NULL AUTO_INCREMENT,
  `pais_nome` varchar(45) DEFAULT NULL,
  `pais_ativo` tinyint(4) DEFAULT '1',
  PRIMARY KEY (`pais_id`)
) ENGINE=InnoDB AUTO_INCREMENT=2 DEFAULT CHARSET=utf8;

-- Copiando dados para a tabela brasileirao.pais: ~0 rows (aproximadamente)
/*!40000 ALTER TABLE `pais` DISABLE KEYS */;
INSERT INTO `pais` (`pais_id`, `pais_nome`, `pais_ativo`) VALUES
	(1, 'Brasil', 1);
/*!40000 ALTER TABLE `pais` ENABLE KEYS */;


-- Copiando estrutura para tabela brasileirao.partida
CREATE TABLE IF NOT EXISTS `partida` (
  `partida_id` int(11) NOT NULL AUTO_INCREMENT,
  `partida_data` date DEFAULT NULL,
  `time_id_mandante` int(11) DEFAULT NULL,
  `time_id_visitante` int(11) DEFAULT NULL,
  `partida_placar_mandante` int(11) DEFAULT NULL,
  `partida_placar_visitante` int(11) DEFAULT NULL,
  `partida_realizada` tinyint(4) DEFAULT '0',
  `partida_resultado` char(2) DEFAULT NULL,
  PRIMARY KEY (`partida_id`),
  KEY `fk_partida_time_1` (`time_id_mandante`),
  KEY `fk_partida_time_2` (`time_id_visitante`),
  CONSTRAINT `fk_partida_time_1` FOREIGN KEY (`time_id_mandante`) REFERENCES `time` (`time_id`) ON DELETE NO ACTION ON UPDATE NO ACTION,
  CONSTRAINT `fk_partida_time_2` FOREIGN KEY (`time_id_visitante`) REFERENCES `time` (`time_id`) ON DELETE NO ACTION ON UPDATE NO ACTION
) ENGINE=InnoDB AUTO_INCREMENT=256 DEFAULT CHARSET=latin1;

-- Copiando dados para a tabela brasileirao.partida: ~189 rows (aproximadamente)
/*!40000 ALTER TABLE `partida` DISABLE KEYS */;
INSERT INTO `partida` (`partida_id`, `partida_data`, `time_id_mandante`, `time_id_visitante`, `partida_placar_mandante`, `partida_placar_visitante`, `partida_realizada`, `partida_resultado`) VALUES
	(1, '2016-05-14', 5, 6, 1, 0, 1, 'VM'),
	(2, '2016-05-14', 11, 12, 4, 0, 1, 'VM'),
	(3, '2016-05-14', 2, 18, 1, 0, 1, 'VM'),
	(4, '2016-05-14', 14, 1, 1, 0, 1, 'VM'),
	(5, '2016-05-15', 7, 8, 0, 1, 1, 'VV'),
	(6, '2016-05-15', 19, 20, 4, 1, 1, 'VM'),
	(7, '2016-05-15', 9, 10, 0, 0, 1, 'E'),
	(8, '2016-05-15', 15, 16, 0, 0, 1, 'E'),
	(9, '2016-05-15', 3, 17, 0, 1, 1, 'VV'),
	(10, '2016-05-15', 4, 13, 0, 0, 1, 'E'),
	(11, '2016-05-28', 16, 11, 2, 1, 1, 'VM'),
	(12, '2016-05-21', 17, 19, 2, 2, 1, 'E'),
	(13, '2016-05-21', 1, 15, 2, 2, 1, 'E'),
	(14, '2016-05-22', 18, 14, 2, 1, 1, 'VM'),
	(15, '2016-05-22', 12, 2, 1, 1, 1, 'E'),
	(16, '2016-05-22', 20, 9, 3, 2, 1, 'VM'),
	(17, '2016-05-22', 8, 4, 1, 2, 1, 'VV'),
	(18, '2016-05-22', 10, 5, 1, 0, 1, 'VM'),
	(19, '2016-05-22', 13, 3, 3, 1, 1, 'VM'),
	(20, '2016-05-22', 6, 7, 1, 1, 1, 'E'),
	(21, '2016-05-25', 7, 12, 2, 1, 1, 'VM'),
	(22, '2016-05-25', 15, 18, 2, 2, 1, 'E'),
	(23, '2016-05-25', 5, 13, 2, 2, 1, 'E'),
	(24, '2016-05-25', 3, 20, 1, 1, 1, 'E'),
	(25, '2016-05-25', 11, 17, 2, 0, 1, 'VM'),
	(26, '2016-05-25', 14, 8, 1, 1, 1, 'E'),
	(27, '2016-05-25', 19, 1, 4, 1, 1, 'VM'),
	(28, '2016-05-26', 9, 16, 3, 0, 1, 'VM'),
	(29, '2016-05-26', 4, 6, 1, 0, 1, 'VM'),
	(30, '2016-05-26', 2, 10, 0, 3, 1, 'VV'),
	(31, '2016-05-28', 1, 3, 1, 1, 1, 'E'),
	(32, '2016-05-28', 12, 15, 2, 1, 1, 'VM'),
	(33, '2016-05-28', 13, 19, 1, 1, 1, 'E'),
	(34, '2016-05-29', 16, 5, 1, 2, 1, 'VV'),
	(35, '2016-05-29', 6, 9, 0, 2, 1, 'VV'),
	(36, '2016-05-29', 20, 2, 1, 1, 1, 'E'),
	(37, '2016-05-29', 17, 7, 1, 0, 1, 'VM'),
	(38, '2016-05-29', 8, 11, 1, 0, 1, 'VM'),
	(39, '2016-05-29', 18, 4, 0, 1, 1, 'VV'),
	(40, '2016-05-29', 10, 14, 2, 0, 1, 'VM'),
	(41, '2016-05-13', 29, 30, 3, 1, 1, 'VM'),
	(42, '2016-05-13', 28, 21, 0, 1, 1, 'VV'),
	(43, '2016-05-13', 33, 34, 0, 1, 1, 'VV'),
	(44, '2016-05-14', 22, 23, 2, 2, 1, 'E'),
	(45, '2016-05-14', 26, 27, 0, 4, 1, 'VV'),
	(46, '2016-05-14', 35, 36, 2, 0, 1, 'VM'),
	(47, '2016-05-14', 37, 38, 0, 1, 1, 'VV'),
	(48, '2016-05-14', 39, 40, 1, 0, 1, 'VM'),
	(49, '2016-05-14', 24, 25, 2, 1, 1, 'VM'),
	(50, '2016-05-14', 31, 32, 1, 1, 1, 'E'),
	(51, '2016-05-17', 30, 31, 0, 1, 1, 'VV'),
	(52, '2016-05-17', 40, 29, 3, 2, 1, 'VM'),
	(53, '2015-05-20', 21, 35, 1, 0, 1, 'VM'),
	(54, '2016-05-20', 34, 37, 1, 1, 1, 'E'),
	(56, NULL, 23, 28, 1, 1, 1, 'E'),
	(57, NULL, 27, 33, 1, 0, 1, 'VM'),
	(58, NULL, 25, 26, 2, 0, 1, 'VM'),
	(59, NULL, 38, 22, 0, 3, 1, 'VV'),
	(60, NULL, 36, 24, 0, 0, 1, 'E'),
	(61, NULL, 22, 21, 0, 1, 1, 'VV'),
	(62, NULL, 26, 36, 1, 2, 1, 'VV'),
	(63, NULL, 28, 38, 2, 1, 1, 'VM'),
	(64, NULL, 35, 30, 2, 0, 1, 'VM'),
	(65, NULL, 37, 40, 1, 0, 1, 'VM'),
	(66, NULL, 29, 27, 0, 2, 1, 'VV'),
	(67, NULL, 31, 25, 1, 1, 1, 'E'),
	(68, NULL, 33, 23, 5, 1, 1, 'VM'),
	(69, NULL, 39, 34, 3, 1, 1, 'VM'),
	(70, NULL, 24, 32, 1, 0, 1, 'VM'),
	(71, NULL, 38, 39, 2, 1, 1, 'VM'),
	(72, NULL, 34, 35, 1, 1, 1, 'E'),
	(73, NULL, 36, 28, 2, 1, 1, 'VM'),
	(74, NULL, 40, 26, 5, 0, 1, 'VM'),
	(75, NULL, 21, 29, 2, 1, 1, 'VM'),
	(76, NULL, 32, 37, 1, 1, 1, 'E'),
	(77, NULL, 25, 22, 4, 2, 1, 'VM'),
	(78, NULL, 27, 24, 4, 3, 1, 'VM'),
	(79, NULL, 23, 31, 2, 1, 1, 'VM'),
	(80, NULL, 30, 33, 2, 1, 1, 'VM'),
	(81, NULL, 4, 12, 1, 0, 1, 'VM'),
	(82, NULL, 9, 18, 1, 0, 1, 'VM'),
	(83, NULL, 14, 13, 3, 4, 1, 'VV'),
	(84, NULL, 19, 6, 0, 1, 1, 'VV'),
	(85, NULL, 7, 1, 0, 1, 1, 'VV'),
	(86, NULL, 2, 17, 1, 1, 1, 'E'),
	(87, NULL, 15, 8, 1, 0, 1, 'VM'),
	(88, NULL, 3, 16, 1, 2, 1, 'VV'),
	(89, NULL, 5, 20, 1, 0, 1, 'VM'),
	(90, NULL, 11, 10, 4, 3, 1, 'VM'),
	(91, NULL, 12, 19, 1, 0, 1, 'VM'),
	(92, NULL, 9, 14, 2, 1, 1, 'VM'),
	(93, NULL, 13, 17, 0, 0, 1, 'E'),
	(94, NULL, 18, 7, 3, 0, 1, 'VM'),
	(95, NULL, 3, 15, 1, 0, 1, 'VM'),
	(96, NULL, 20, 4, 1, 0, 1, 'VM'),
	(97, NULL, 5, 11, 1, 2, 1, 'VV'),
	(98, NULL, 10, 16, 1, 0, 1, 'VM'),
	(99, NULL, 6, 2, 4, 4, 1, 'E'),
	(100, NULL, 1, 8, 0, 1, 1, 'VV'),
	(101, NULL, 39, 32, 0, 0, 1, 'E'),
	(102, NULL, 22, 34, 2, 1, 1, 'VM'),
	(103, NULL, 24, 40, 0, 0, 1, 'E'),
	(104, NULL, 26, 30, 0, 0, 1, 'E'),
	(105, NULL, 29, 38, 1, 2, 1, 'VV'),
	(106, NULL, 35, 23, 1, 0, 1, 'VM'),
	(107, NULL, 37, 36, 1, 1, 1, 'E'),
	(108, NULL, 39, 25, 1, 0, 1, 'VM'),
	(109, NULL, 28, 27, 1, 1, 1, 'E'),
	(110, NULL, 31, 21, 3, 2, 1, 'VM'),
	(111, NULL, 33, 32, 1, 2, 1, 'VV'),
	(112, NULL, 24, 23, 3, 0, 1, 'VM'),
	(113, NULL, 29, 36, 0, 0, 1, 'E'),
	(114, NULL, 35, 31, 1, 1, 1, 'E'),
	(115, NULL, 40, 32, 2, 0, 1, 'VM'),
	(116, NULL, 26, 22, 2, 3, 1, 'VV'),
	(117, NULL, 28, 39, 1, 0, 1, 'VM'),
	(118, NULL, 37, 33, 1, 0, 1, 'VM'),
	(119, NULL, 27, 34, 1, 0, 1, 'VM'),
	(120, NULL, 21, 30, 1, 0, 1, 'VM'),
	(121, NULL, 25, 38, 2, 1, 1, 'VM'),
	(122, NULL, 38, 26, 2, 1, 1, 'VM'),
	(123, NULL, 23, 40, 1, 3, 1, 'VV'),
	(124, NULL, 30, 25, 1, 0, 1, 'VM'),
	(125, NULL, 33, 28, 0, 1, 1, 'VV'),
	(126, NULL, 36, 21, 0, 0, 1, 'E'),
	(127, NULL, 39, 35, 3, 0, 1, 'VM'),
	(128, NULL, 22, 37, 1, 0, 1, 'VM'),
	(129, NULL, 34, 24, 0, 2, 1, 'VV'),
	(130, NULL, 31, 29, 0, 2, 1, 'VV'),
	(131, NULL, 32, 27, 0, 2, 1, 'VV'),
	(132, NULL, 24, 38, 3, 0, 1, 'VM'),
	(133, NULL, 26, 39, 1, 0, 1, 'VM'),
	(134, NULL, 34, 28, 1, 1, 1, 'E'),
	(135, NULL, 40, 36, 5, 1, 1, 'VM'),
	(136, NULL, 35, 33, 1, 0, 1, 'VM'),
	(137, NULL, 25, 32, 0, 1, 1, 'VV'),
	(138, NULL, 37, 29, 1, 0, 1, 'VM'),
	(139, NULL, 21, 27, 2, 1, 1, 'VM'),
	(140, NULL, 30, 23, 0, 0, 1, 'E'),
	(141, NULL, 31, 22, 2, 0, 1, 'VM'),
	(142, NULL, 4, 3, 3, 1, 1, 'VM'),
	(143, NULL, 16, 13, 2, 1, 1, 'VM'),
	(144, NULL, 17, 10, 1, 1, 1, 'E'),
	(145, NULL, 8, 12, 1, 2, 1, 'VV'),
	(146, NULL, 7, 20, 1, 1, 1, 'E'),
	(147, NULL, 14, 6, 3, 2, 1, 'VM'),
	(148, NULL, 11, 9, 1, 0, 1, 'VM'),
	(149, NULL, 2, 1, 2, 3, 1, 'VV'),
	(154, NULL, 15, 5, 1, 0, 1, 'VM'),
	(155, NULL, 19, 18, 0, 2, 1, 'VV'),
	(156, NULL, 28, 37, 1, 1, 1, 'E'),
	(157, NULL, 29, 26, 1, 0, 1, 'VM'),
	(158, NULL, 27, 40, 3, 2, 1, 'VM'),
	(159, NULL, 33, 31, 0, 0, 1, 'E'),
	(160, NULL, 32, 21, 0, 0, 1, 'E'),
	(161, NULL, 36, 34, 2, 0, 1, 'VM'),
	(162, NULL, 39, 24, 3, 2, 1, 'VM'),
	(163, NULL, 22, 35, 3, 0, 1, 'VM'),
	(164, NULL, 38, 30, 2, 1, 1, 'VM'),
	(165, NULL, 23, 25, 1, 0, 1, 'VM'),
	(166, NULL, 8, 20, 2, 0, 1, 'VM'),
	(167, NULL, 13, 10, 3, 3, 1, 'E'),
	(168, NULL, 16, 12, 3, 2, 1, 'VM'),
	(169, NULL, 7, 3, 3, 1, 1, 'VM'),
	(170, NULL, 18, 6, 2, 0, 1, 'VM'),
	(171, NULL, 19, 15, 1, 0, 1, 'VM'),
	(172, NULL, 1, 5, 0, 1, 1, 'VV'),
	(173, NULL, 14, 11, 2, 2, 1, 'E'),
	(174, NULL, 4, 2, 2, 0, 1, 'VM'),
	(175, NULL, 17, 9, 1, 0, 1, 'VM'),
	(176, NULL, 32, 22, 1, 1, 1, 'E'),
	(177, NULL, 26, 35, 1, 1, 1, 'E'),
	(178, NULL, 36, 31, 1, 2, 1, 'VV'),
	(179, NULL, 34, 25, 2, 0, 1, 'VM'),
	(180, NULL, 40, 30, 1, 1, 1, 'E'),
	(181, NULL, 24, 37, 1, 2, 1, 'VV'),
	(182, NULL, 21, 38, 1, 2, 1, 'VV'),
	(183, NULL, 39, 33, 2, 2, 1, 'E'),
	(184, NULL, 27, 23, 0, 2, 1, 'VV'),
	(185, NULL, 28, 29, 1, 3, 1, 'VV'),
	(186, NULL, 11, 19, 3, 1, 1, 'VM'),
	(187, NULL, 12, 18, 1, 0, 1, 'VM'),
	(188, NULL, 3, 14, 2, 1, 1, 'VM'),
	(189, NULL, 20, 13, 1, 2, 1, 'VV'),
	(190, NULL, 2, 16, 3, 0, 1, 'VM'),
	(191, NULL, 5, 8, 2, 2, 1, 'E'),
	(192, NULL, 9, 7, 3, 1, 1, 'VM'),
	(193, NULL, 15, 4, 3, 2, 1, 'VM'),
	(194, NULL, 6, 17, 2, 1, 1, 'VM'),
	(195, NULL, 10, 1, 2, 0, 1, 'VM'),
	(196, NULL, 22, 28, 1, 0, 1, 'VM'),
	(197, NULL, 38, 36, 1, 1, 1, 'E'),
	(198, NULL, 23, 32, 1, 0, 1, 'VM'),
	(199, NULL, 33, 24, 2, 1, 1, 'VM'),
	(200, NULL, 37, 27, 0, 1, 1, 'VV'),
	(201, NULL, 25, 21, 1, 1, 1, 'E'),
	(202, NULL, 30, 34, 0, 1, 1, 'VV'),
	(203, NULL, 29, 39, 2, 3, 1, 'VV'),
	(204, NULL, 31, 26, 0, 0, 1, 'E'),
	(205, NULL, 35, 40, 0, 0, 1, 'E'),
	(206, NULL, 11, 3, 2, 0, 1, 'VM'),
	(207, NULL, 13, 12, 0, 0, 1, 'E'),
	(208, NULL, 16, 1, 0, 4, 1, 'VV'),
	(209, NULL, 7, 15, 0, 0, 1, 'E'),
	(210, NULL, 19, 5, 0, 1, 1, 'VV'),
	(211, NULL, 17, 18, 2, 4, 1, 'VV'),
	(212, NULL, 2, 9, 2, 1, 1, 'VM'),
	(213, NULL, 10, 20, 1, 2, 1, 'VV'),
	(214, NULL, 8, 6, 0, 0, 1, 'E'),
	(215, NULL, 14, 4, 1, 1, 1, 'E'),
	(216, NULL, 23, 21, 0, 0, 1, 'E'),
	(217, NULL, 39, 30, 1, 1, 1, 'E'),
	(218, NULL, 31, 37, 2, 1, 1, 'VM'),
	(219, NULL, 35, 24, 2, 1, 1, 'VM'),
	(220, NULL, 29, 34, 1, 1, 1, 'E'),
	(221, NULL, 36, 32, 1, 0, 1, 'VM'),
	(222, NULL, 22, 40, 2, 1, 1, 'VM'),
	(223, NULL, 38, 27, 1, 2, 1, 'VV'),
	(224, NULL, 28, 26, 1, 0, 1, 'VM'),
	(225, NULL, 33, 25, 1, 1, 1, 'E'),
	(226, NULL, 1, 11, 2, 1, 1, 'VM'),
	(227, NULL, 9, 19, 2, 1, 1, 'VM'),
	(228, NULL, 3, 2, 0, 1, 1, 'VV'),
	(229, NULL, 20, 16, 1, 1, 1, 'E'),
	(230, NULL, 5, 17, 1, 2, 1, 'VV'),
	(231, NULL, 18, 8, 3, 0, 1, 'VM'),
	(232, NULL, 4, 7, 2, 3, 1, 'VV'),
	(233, NULL, 12, 10, 2, 0, 1, 'VM'),
	(234, NULL, 15, 14, 0, 0, 1, 'E'),
	(235, NULL, 6, 13, 5, 1, 1, 'VM'),
	(236, NULL, 20, 6, 3, 2, 1, 'VM'),
	(237, NULL, 5, 4, 1, 0, 1, 'VM'),
	(238, NULL, 10, 18, 3, 2, 1, 'VM'),
	(239, NULL, 14, 12, 1, 0, 1, 'VM'),
	(240, NULL, 13, 1, 3, 2, 1, 'VM'),
	(241, NULL, 8, 17, 2, 1, 1, 'VM'),
	(242, NULL, 3, 9, 0, 2, 1, 'VV'),
	(243, NULL, 11, 15, 4, 0, 1, 'VM'),
	(244, NULL, 19, 16, 0, 3, 1, 'VV'),
	(245, NULL, 2, 7, 5, 3, 1, 'VM'),
	(246, NULL, 21, 39, 1, 0, 1, 'VM'),
	(247, NULL, 24, 28, 2, 0, 1, 'VM'),
	(248, NULL, 32, 38, 1, 3, 1, 'VV'),
	(249, NULL, 37, 35, 1, 0, 1, 'VM'),
	(250, NULL, 25, 29, 3, 1, 1, 'VM'),
	(251, NULL, 40, 31, 1, 0, 1, 'VM'),
	(252, NULL, 26, 33, 3, 1, 1, 'VM'),
	(253, NULL, 27, 36, 1, 2, 1, 'VV'),
	(254, NULL, 30, 22, 1, 1, 1, 'E'),
	(255, NULL, 34, 23, 0, 0, 1, 'E');
/*!40000 ALTER TABLE `partida` ENABLE KEYS */;


-- Copiando estrutura para tabela brasileirao.regiao
CREATE TABLE IF NOT EXISTS `regiao` (
  `regiao_id` int(11) NOT NULL AUTO_INCREMENT,
  `regiao_nome` varchar(50) DEFAULT NULL,
  PRIMARY KEY (`regiao_id`)
) ENGINE=InnoDB AUTO_INCREMENT=6 DEFAULT CHARSET=latin1;

-- Copiando dados para a tabela brasileirao.regiao: ~5 rows (aproximadamente)
/*!40000 ALTER TABLE `regiao` DISABLE KEYS */;
INSERT INTO `regiao` (`regiao_id`, `regiao_nome`) VALUES
	(1, 'Norte'),
	(2, 'Nordeste'),
	(3, 'Centro Oeste'),
	(4, 'Sul'),
	(5, 'Sudeste');
/*!40000 ALTER TABLE `regiao` ENABLE KEYS */;


-- Copiando estrutura para tabela brasileirao.time
CREATE TABLE IF NOT EXISTS `time` (
  `time_id` int(11) NOT NULL AUTO_INCREMENT,
  `time_nome` varchar(200) DEFAULT NULL,
  `time_escudo` varchar(45) DEFAULT NULL,
  `time_divisao` tinyint(1) DEFAULT NULL,
  `pais_id` int(11) DEFAULT NULL,
  `time_ativo` tinyint(1) DEFAULT '1',
  `estado_id` int(11) DEFAULT NULL,
  PRIMARY KEY (`time_id`),
  UNIQUE KEY `time_nome` (`time_nome`),
  KEY `fk_time_pais` (`pais_id`),
  KEY `fk_time_estado` (`estado_id`),
  CONSTRAINT `fk_time_estado` FOREIGN KEY (`estado_id`) REFERENCES `estado` (`id_estado`) ON DELETE NO ACTION ON UPDATE NO ACTION,
  CONSTRAINT `fk_time_pais` FOREIGN KEY (`pais_id`) REFERENCES `pais` (`pais_id`) ON DELETE NO ACTION ON UPDATE NO ACTION
) ENGINE=InnoDB AUTO_INCREMENT=61 DEFAULT CHARSET=utf8;

-- Copiando dados para a tabela brasileirao.time: ~60 rows (aproximadamente)
/*!40000 ALTER TABLE `time` DISABLE KEYS */;
INSERT INTO `time` (`time_id`, `time_nome`, `time_escudo`, `time_divisao`, `pais_id`, `time_ativo`, `estado_id`) VALUES
	(1, 'Cruzeiro', 'cruzeiro.png', 1, 1, 1, 13),
	(2, 'Atlético-MG', 'atletico_mg.png', 1, 1, 1, 13),
	(3, 'América-MG', 'america_mg.png', 1, 1, 1, 13),
	(4, 'Internacional', 'internacional.png', 1, 1, 1, 21),
	(5, 'Flamengo', 'flamengo.png', 1, 1, 1, 19),
	(6, 'Sport', 'sport.png', 1, 1, 1, 17),
	(7, 'Botafogo', 'botafogo.png', 1, 1, 1, 19),
	(8, 'São Paulo', 'sao_paulo.png', 1, 1, 1, 25),
	(9, 'Corinthians', 'corinthians.png', 1, 1, 1, 25),
	(10, 'Grêmio', 'gremio.png', 1, 1, 1, 21),
	(11, 'Palmeiras', 'palmeiras.png', 1, 1, 1, 25),
	(12, 'Atlético-PR', 'atletico_pr.png', 1, 1, 1, 16),
	(13, 'Chapecoense', 'chapecoense.png', 1, 1, 1, 24),
	(14, 'Coritiba', 'coritiba.png', 1, 1, 1, 16),
	(15, 'Figueirense', 'figueirense.png', 1, 1, 1, 24),
	(16, 'Ponte Preta', 'ponte_preta.png', 1, 1, 1, 25),
	(17, 'Fluminense', 'fluminense.png', 1, 1, 1, 19),
	(18, 'Santos', 'santos.png', 1, 1, 1, 25),
	(19, 'Santa Cruz', 'santa_cruz.png', 1, 1, 1, 17),
	(20, 'Vitória', 'vitoria.png', 1, 1, 1, 5),
	(21, 'Atlético-GO', 'atletico_go.png', 2, 1, 1, 9),
	(22, 'Ceará', 'ceara.png', 2, 1, 1, 6),
	(23, 'Paysandu', 'paysandu.png', 2, 1, 1, 14),
	(24, 'Bahia', 'bahia.png', 2, 1, 1, 5),
	(25, 'Avaí', 'avai.png', 2, 1, 1, 24),
	(26, 'Sampaio Corrêa', 'sampaio_correa.png', 2, 1, 1, 10),
	(27, 'Vasco', 'vasco.png', 2, 1, 1, 19),
	(28, 'Oeste', 'oeste.png', 2, 1, 1, 25),
	(29, 'Vila Nova-GO', 'vila_nova.png', 2, 1, 1, 9),
	(30, 'Bragantino', 'bragantino.png', 2, 1, 1, 25),
	(31, 'Luverdense', 'luverdense.png', 2, 1, 1, 11),
	(32, 'Joinville', 'joinville.png', 2, 1, 1, 24),
	(33, 'Tupi', 'tupi.png', 2, 1, 1, 13),
	(34, 'Goiás', 'goias.png', 2, 1, 1, 9),
	(35, 'Brasil de Pelotas', 'brasil_pelotas.png', 2, 1, 1, 21),
	(36, 'Paraná', 'parana.png', 2, 1, 1, 16),
	(37, 'Londrina', 'londrina.png', 2, 1, 1, 16),
	(38, 'CRB', 'crb.png', 2, 1, 1, 2),
	(39, 'Criciúma', 'criciuma.png', 2, 1, 1, 24),
	(40, 'Náutico', 'nautico.png', 2, 1, 1, 17),
	(41, 'América-RN', 'america_rn.png', 3, 1, 1, NULL),
	(42, 'ABC', 'abc.png', 3, 1, 1, NULL),
	(43, 'Cuiabá', 'cuiaba.png', 3, 1, 1, 11),
	(44, 'Remo', 'remo.png', 3, 1, 1, 14),
	(45, 'Fortaleza', 'fortaleza.png', 3, 1, 1, NULL),
	(46, 'River-PI', 'river_pi.png', 3, 1, 1, NULL),
	(47, 'Salgueiro', 'salgueiro.png', 3, 1, 1, NULL),
	(48, 'Botafogo-PB', 'botafogo_pb.png', 3, 1, 1, NULL),
	(49, 'ASA', 'asa.png', 3, 1, 1, NULL),
	(50, 'Confiança', 'confianca.png', 3, 1, 1, NULL),
	(51, 'Botafogo-SP', 'botafogo_sp.png', 3, 1, 1, NULL),
	(52, 'Mogi Mirim', 'mogi_mirin.png', 3, 1, 1, 25),
	(53, 'Portuguesa', 'portuguesa.png', 3, 1, 1, NULL),
	(54, 'Macaé', 'macae.png', 3, 1, 1, NULL),
	(55, 'Boa Esporte', 'boa_esporte.png', 3, 1, 1, NULL),
	(56, 'Tombense', 'tombense.png', 3, 1, 1, 13),
	(57, 'Guarani', 'guarani_sp.png', 3, 1, 1, NULL),
	(58, 'Guaratinguetá', 'guaratingueta.png', 3, 1, 1, NULL),
	(59, 'Juventude', 'juventude.png', 3, 1, 1, NULL),
	(60, 'Ypiranga', 'ypiranga.png', 3, 1, 1, NULL);
/*!40000 ALTER TABLE `time` ENABLE KEYS */;
/*!40101 SET SQL_MODE=IFNULL(@OLD_SQL_MODE, '') */;
/*!40014 SET FOREIGN_KEY_CHECKS=IF(@OLD_FOREIGN_KEY_CHECKS IS NULL, 1, @OLD_FOREIGN_KEY_CHECKS) */;
/*!40101 SET CHARACTER_SET_CLIENT=@OLD_CHARACTER_SET_CLIENT */;
